Member EPF No.,Member IC No.,Member Name,Member Wage,Employer Contribution Amount,Member Contribution Amount
17160156,890217085357,AMALUDIN BIN MAT RAJAB,4425.35,575.30,486.79
18160157,990508075317,ABU DZAR BIN AZLI,3090.85,401.81,339.99
19160158,970215086065,MUHAMMAD SYAHMI BIN FAZALYUSRI,4279.44,556.33,470.74
20160159,860413265155,ASRUL AZWAN BIN ABD RAZAK,4974.60,646.70,547.21
21160160,890116105451,MATHAN A/L MAHEANDRAN,3820.69,497.69,420.28
22160161,911115075721,MOHAMAD SHAZRIL ZAKRI BIN AZAHAR,3932.69,512.25,432.60
23160162,861130355331,MOHD AMIN BIN ABASA,4076.66,531.97,448.43
24160163,971001036235,WAN SHAHRUL BIN WAN ROSLI,4288.89,558.56,471.78
25160164,921017075313,MOHAMAD SAIFULLAH BIN ABDUL MANAN,4317.31,562.25,474.90
26160165,930310085179,MUHAMMAD NASRUL BIN ZAINON,3597.46,470.67,395.72
27160166,880620265359,MANIRAJAN A/L ABIMANAN,3901.27,510.16,429.14
28160167,910718075021,ALIFF ZAKWAN BIN ZAINOL,3850.79,503.03,423.59
29160168,951030025713,MOHD NOR HAKIM BIN AHMAD,3524.77,460.22,387.73
30160169,941212085435,DEVAN A/L SHOMMO,3284.53,428.99,361.30
31160170,891123075777,ABDUL YAZID BIN ABDUL HALIM,3452.61,451.84,379.79
32160171,880925355275,LUQMAN AL-HAKIM BIN RAMLI,3336.86,436.13,367.05
